carat,cut,color,clarity,depth,table,price,x,y,z
0.45,Ideal,E,VVS2,61.9,56,1401,4.95,4.91,3.05
0.27,Ideal,E,VVS1,62.3,56,799,4.17,4.15,2.59
0.52,Premium,H,SI1,61.6,57,1138,5.2,5.15,3.19
1.01,Ideal,E,VVS1,62.2,57,10887,6.38,6.44,3.99
0.9,Very Good,H,SI1,62.8,57,3437,6.14,6.18,3.87
1.41,Ideal,H,VS1,60.7,56,9752,7.31,7.22,1.41
0.35,Premium,G,VVS1,61.8,57,1103,4.53,4.5,2.79
0.72,Ideal,E,VS1,62.6,57,3283,5.69,5.72,3.57
1.66,Ideal,H,IF,61.5,57,14724,7.59,7.62,4.68
0.71,Premium,D,SI1,61.3,58,2797,5.73,5.75,3.52
0.32,Very Good,D,SI1,63.5,55,756,4.35,4.31,2.75
0.3,Premium,D,SI1,62.5,59,520,4.26,4.22,2.65
1.05,Premium,E,SI2,59.5,59,4742,6.65,6.59,3.94
0.33,Ideal,G,VVS1,61.6,55,838,4.46,4.47,2.75
1.55,Premium,J,SI1,62.5,58,7502,7.36,7.4,4.61
0.83,Premium,D,SI1,59.7,59,3556,6.14,6.12,3.66
0.72,Premium,F,SI1,59.3,60,2030,5.91,5.86,3.49
0.8,Very Good,F,SI2,61.5,56,2652,5.93,5.98,3.66
0.71,Very Good,E,VVS1,62.8,59,4228,5.66,5.71,3.57
0.31,Premium,H,VVS2,62.4,59,625,4.31,4.35,2.7
1.02,Ideal,F,SI2,60.7,56,4541,6.53,6.5,3.95
0.3,Very Good,H,SI1,62.2,60,421,4.24,4.28,2.65
0.35,Ideal,G,SI1,61.8,55,503,4.54,4.56,2.81
0.52,Very Good,G,VS1,61.1,58,1689,5.16,5.19,3.16
0.51,Premium,E,VVS1,61.4,60,2323,5.11,5.05,3.12
0.33,Premium,E,SI1,60.7,57,743,4.47,4.43,2.7
0.51,Premium,F,VS1,60.7,59,1627,5.11,5.13,3.11
1.54,Premium,H,VS2,61.9,61,10758,7.41,7.33,4.56
0.71,Ideal,F,VVS1,61,56,5019,5.77,5.8,3.53
0.27,Ideal,G,VVS2,60.8,57,566,4.18,4.2,2.54
0.32,Good,E,VS1,64.3,59,638,4.28,4.34,2.77
0.41,Very Good,E,SI2,62.9,58,683,4.72,4.75,2.98
0.75,Good,G,SI2,63.9,62,2115,5.66,5.61,3.6
0.5,Premium,F,VS2,61.4,59,1736,5.12,5.1,3.14
0.67,Good,I,VS2,60.7,61.4,1708,5.6,5.64,3.41
0.5,Good,E,SI1,63.5,61,1279,4.98,5.03,3.18
0.38,Very Good,I,VS1,60.1,60,606,4.66,4.72,2.82
1.03,Premium,H,VS2,63,59,5364,6.47,6.36,4.04
0.71,Ideal,F,SI2,62.1,56,2637,5.75,5.7,3.56
0.55,Ideal,H,IF,62.3,54,1905,5.25,5.28,3.28
0.5,Ideal,G,VVS1,62.2,54,1883,5.1,5.13,3.18
0.32,Ideal,D,VS2,61.5,56,972,4.44,4.41,2.72
3,Fair,H,I1,67.1,57,8044,8.93,8.84,5.97
1.65,Premium,D,SI1,60.4,60,11310,7.63,7.58,4.59
1.28,Premium,G,VS2,61.4,58,8458,7,6.92,4.27
1,Very Good,G,SI1,59.3,63,4741,6.44,6.48,3.83
0.31,Very Good,H,VS2,63.2,58,628,4.33,4.31,2.73
0.52,Ideal,E,SI2,61,57,1412,5.18,5.21,3.17
1.22,Premium,G,VS2,61.2,58,7729,6.81,6.91,4.2
0.26,Very Good,F,VS2,62.9,59,453,4.04,4.07,2.55
1.51,Very Good,G,VS1,63.1,55,12603,7.34,7.3,4.62
1.01,Very Good,G,VS2,60.7,61,5759,6.42,6.46,3.91
0.31,Ideal,G,VVS1,62.8,57,977,4.33,4.3,2.71
0.26,Ideal,F,VVS1,61.6,57,599,4.08,4.1,2.52
1.55,Good,J,VS1,62.3,56,8076,7.44,7.52,4.66
0.3,Ideal,F,VVS1,62.2,53,857,4.3,4.32,2.68
1.51,Fair,D,SI2,64.7,57,9555,7.17,7.24,4.66
0.3,Premium,D,VS1,61.6,57,979,4.33,4.3,2.66
1.01,Very Good,D,I1,63.4,61,2291,6.38,6.3,4.02
0.42,Ideal,G,VS1,61.4,56,984,4.85,4.82,2.97
0.36,Premium,E,SI2,61.5,58,648,4.61,4.56,2.82
0.32,Very Good,G,VVS1,61.4,55,772,4.41,4.45,2.72
0.31,Very Good,G,SI1,63,56,462,4.3,4.34,2.72
0.63,Premium,E,VS1,60.5,57,3675,5.58,5.53,3.36
0.41,Ideal,G,VVS2,60.4,56,1076,4.83,4.8,2.91
0.3,Ideal,H,VVS1,62,55,684,4.3,4.34,2.68
1.55,Premium,I,SI2,61.5,58,7256,7.39,7.46,4.57
0.3,Ideal,I,IF,62,57,615,4.28,4.3,2.66
1.56,Premium,E,SI2,62.4,60,9909,7.36,7.41,4.61
0.9,Very Good,D,SI1,61.7,60,4466,6.14,6.17,3.8
0.32,Ideal,I,VS2,60.6,56,485,4.42,4.46,2.69
1.32,Premium,J,VS2,60.4,58,5800,7.11,7.14,4.3
2.01,Fair,H,SI2,65.3,56,10772,7.95,7.86,5.16
0.31,Ideal,I,SI1,62.7,56,523,4.34,4.3,2.71
0.91,Premium,G,VS1,60.9,54,4510,6.38,6.27,3.85
0.37,Very Good,E,VS1,62,56,925,4.59,4.63,2.86
0.38,Ideal,D,SI1,61.3,57,884,4.67,4.7,2.87
0.54,Ideal,G,VS2,61.7,56,1605,5.21,5.24,3.23
0.43,Ideal,H,SI1,62.4,56,919,4.83,4.81,3.01
1,Good,H,SI1,61.5,64,4568,6.38,6.41,3.93
0.7,Premium,E,VS2,60.2,60,2822,5.73,5.7,3.44
0.44,Premium,E,VS2,60.4,58,1003,4.87,4.93,2.96
0.31,Ideal,F,VVS2,60.2,55,814,4.43,4.45,2.67
1.12,Ideal,H,VVS2,62.3,53,7091,6.64,6.7,4.16
0.42,Premium,D,SI1,59.8,59,810,4.86,4.91,2.92
2.56,Premium,J,SI1,61.4,58,17186,8.76,8.73,5.37
0.67,Good,G,SI1,62.9,59,1811,5.58,5.62,3.52
1.51,Premium,H,SI2,62.1,58,7340,7.34,7.2,4.52
0.54,Ideal,G,VS2,61.9,57,1637,5.23,5.18,3.22
0.51,Ideal,F,VVS2,61.7,56,2098,5.14,5.16,3.18
0.25,Ideal,E,VVS2,61.7,56,705,4.05,4.07,2.5
0.41,Premium,E,VS1,62.3,59,1079,4.74,4.76,2.96
1,Premium,G,VS2,61.6,58,5940,6.39,6.43,3.95
0.36,Ideal,G,SI2,61.8,56,565,4.58,4.61,2.84
0.33,Ideal,I,VVS2,62.4,57,743,4.44,4.41,2.76
0.27,Very Good,E,VVS2,62,59,620,4.14,4.18,2.58
0.32,Ideal,D,VS2,61.5,56,758,4.39,4.42,2.71
0.92,Very Good,F,SI2,59.9,60,3625,6.26,6.29,3.76
0.39,Fair,E,SI1,65.6,60,601,4.5,4.56,2.97
2.01,Premium,J,VS2,60.5,60,13400,8.13,8.09,4.91
0.53,Premium,J,VS2,62.7,56,1093,5.18,5.15,3.24
0.71,Good,J,VS1,63.3,55,1881,5.62,5.66,3.57
0.33,Ideal,F,VS2,62.6,55,854,4.42,4.4,2.76
0.51,Ideal,E,VS1,61.5,53,1708,5.17,5.24,3.2
1.01,Ideal,E,SI1,59.8,60,5751,6.56,6.48,3.9
1.12,Ideal,I,SI1,62,56,4829,6.69,6.64,4.13
0.3,Very Good,I,SI1,62.6,57,405,4.25,4.28,2.67
0.33,Premium,H,VS2,62.4,58,668,4.42,4.39,2.75
0.51,Ideal,F,VS2,62,56,1595,5.11,5.14,3.18
1.23,Very Good,H,SI1,62.3,58,6542,6.79,6.83,4.24
1.01,Very Good,E,VS2,64,56,6771,6.22,6.37,4.03
0.32,Ideal,F,VS2,62.5,56,828,4.4,4.37,2.74
0.54,Ideal,E,VVS2,61.9,54.5,2479,5.22,5.25,3.23
1,Ideal,F,SI1,62.7,57,5221,6.44,6.38,4.02
0.44,Premium,G,SI1,61,60,990,4.93,4.88,2.99
0.7,Premium,G,SI1,61.5,58,2010,5.69,5.76,3.52
0.32,Ideal,F,VS2,62.4,55,645,4.41,4.43,2.76
0.71,Premium,E,VS2,62.3,58,2817,5.69,5.65,3.53
0.3,Very Good,F,SI2,63.5,57,506,4.25,4.22,2.69
0.46,Good,E,SI1,62.7,58,967,4.87,4.92,3.07
1.01,Very Good,F,VS2,58.5,60,6037,6.52,6.54,3.82
1.57,Ideal,H,VS1,62.2,55,12810,7.44,7.49,4.64
2.23,Very Good,J,VS2,61,58,14732,8.36,8.39,5.11
1.03,Very Good,H,SI1,63.4,62,4406,6.46,6.27,4.05
0.32,Ideal,E,VS2,62,55,900,4.38,4.36,2.71
0.32,Ideal,F,VS2,61.9,55,602,4.41,4.45,2.74
0.32,Ideal,I,VVS1,61.7,55,756,4.4,4.39,2.71
1.14,Very Good,F,VVS2,63.3,56,8912,6.56,6.71,4.2
0.9,Good,G,I1,63.6,61,2344,6.07,6.03,3.85
1.57,Premium,H,VS1,59.8,60,11272,7.63,7.56,4.54
0.3,Ideal,F,VS2,62.9,57,776,4.29,4.27,2.69
0.7,Very Good,I,VS2,60.8,61,2360,5.72,5.76,3.49
1,Good,G,SI2,57.6,62,4113,6.62,6.55,3.79
1.5,Good,H,SI2,58.4,62,7714,7.44,7.49,4.36
0.7,Fair,G,SI1,68.4,58,1915,5.59,5.55,3.61
0.61,Ideal,E,VVS1,59.9,61,3212,5.5,5.55,3.31
1.22,Ideal,I,VS1,61.9,55.7,6469,6.81,6.84,4.23
0.31,Ideal,G,IF,62.6,57,924,4.3,4.32,2.7
1.01,Very Good,G,VS2,61.6,61,5759,6.36,6.46,3.95
0.54,Very Good,D,SI1,60,59.8,1593,5.3,5.34,3.18
1.01,Very Good,G,VS2,63,57,5919,6.35,6.42,4.02
0.5,Ideal,G,VVS1,62.7,57,2070,5.1,5.07,3.19
0.74,Ideal,G,VS2,62.9,54,2723,5.81,5.78,3.64
1.01,Good,F,VS2,64.2,54,5616,6.24,6.31,4.03
2.01,Very Good,H,SI2,63.4,60,11780,7.97,7.89,5.03
2.08,Ideal,H,SI1,61.7,58,17469,8.13,8.21,5.04
0.93,Good,G,SI1,63.8,58,4375,6.14,6.09,3.9
1.02,Ideal,H,VS2,62.4,57,5666,6.4,6.35,3.98
1.27,Fair,H,SI2,65.2,54,5334,6.78,6.71,4.41
1,Very Good,J,SI2,63.2,62,3293,6.32,6.27,3.98
0.34,Ideal,F,VS2,62.1,56,880,4.51,4.47,2.79
1.54,Good,I,VS1,63.6,60,10164,7.3,7.33,4.65
0.4,Ideal,F,VVS1,61.7,57,1446,4.74,4.7,2.91
0.58,Fair,E,VS1,57.9,56,2192,5.52,5.49,3.19
0.3,Ideal,D,VS2,62.5,55,710,4.3,4.31,2.69
1.02,Ideal,G,VS2,62.6,57,5922,6.43,6.41,4.02
0.3,Ideal,F,VVS1,61.8,54,802,4.33,4.37,2.69
1.77,Ideal,J,VS1,62.2,56,11150,7.77,7.73,4.82
0.35,Ideal,F,VS2,60.8,57,906,4.56,4.52,2.76
1.08,Good,E,SI1,58.4,60,5575,6.71,6.74,3.93
2.05,Ideal,E,SI1,62.4,57,18193,8.17,8.09,5.08
1.21,Very Good,H,VS1,62.3,58,7246,6.71,6.74,4.19
0.33,Ideal,F,VS2,61.6,56,666,4.44,4.46,2.74
0.31,Ideal,E,IF,61,57,1319,4.36,4.39,2.67
0.99,Very Good,J,SI1,60.3,57,4002,6.44,6.49,3.9
1,Fair,E,VS1,64.4,55,7392,6.33,6.3,4.07
0.73,Ideal,D,SI1,61.4,56,2995,5.78,5.82,3.56
0.51,Premium,E,VS2,60.6,60,1614,5.2,5.19,3.15
0.38,Ideal,I,VS1,62.3,55,703,4.63,4.66,2.89
1.6,Premium,G,SI1,62.2,58,11818,7.44,7.5,4.65
1.91,Premium,I,SI1,60.9,53,13367,8.11,8.07,4.93
0.32,Ideal,G,SI1,61.3,57,612,4.4,4.37,2.69
0.59,Ideal,E,VVS2,61.8,57,3026,5.35,5.4,3.32
0.32,Ideal,E,VS2,62.9,56,900,4.39,4.36,2.75
0.56,Ideal,H,VS2,61.7,54,1427,5.31,5.33,3.28
0.35,Premium,F,VS2,61.9,58,706,4.48,4.54,2.79
0.5,Ideal,E,SI1,61.8,56,1617,5.11,5.07,3.14
0.4,Ideal,G,IF,61.8,55,1239,4.75,4.79,2.95
0.4,Ideal,H,SI1,62.2,55,1031,4.72,4.76,2.95
0.9,Premium,H,VVS2,62.4,58,4657,6.15,6.12,3.83
0.81,Premium,G,VS2,62.9,58,3193,5.94,5.88,3.72
0.45,Premium,G,VVS2,61.4,61,1181,4.95,4.89,3.02
1.11,Premium,E,SI2,62.6,59,5152,6.71,6.65,4.18
0.74,Ideal,F,VS1,62.3,56,3170,5.79,5.76,3.6
2.38,Premium,J,SI2,60.6,59,10716,8.66,8.63,5.24
1.01,Fair,D,SI1,66.9,54,4751,6.25,6.21,4.17
2,Premium,H,SI2,59.7,61,15451,8.2,8.15,4.88
1.06,Ideal,H,VS2,60.5,57,5669,6.63,6.6,4
0.51,Ideal,G,VS1,62.5,57,1577,5.08,5.1,3.18
0.4,Ideal,H,VVS1,62,54,1017,4.72,4.76,2.94
0.53,Premium,J,VS2,60.9,59,1122,5.27,5.2,3.19
1.7,Premium,D,SI1,61.9,59,15238,7.64,7.61,4.72
1.19,Good,E,VS2,57.4,60,7064,7,6.9,3.99
1.54,Premium,H,VS2,61.9,59,11769,7.33,7.31,4.53
1.3,Good,J,SI1,64,58,5242,6.91,6.84,4.4
0.72,Ideal,G,VS1,62,56,3540,5.74,5.78,3.57
1.16,Premium,F,VS2,62.7,58,7003,6.71,6.65,4.19
0.8,Ideal,G,SI2,62.5,55,2893,5.89,5.92,3.69
1.8,Ideal,I,VS1,62.4,54,14959,7.77,7.8,4.86
1.06,Ideal,F,SI1,61.7,55.1,6249,6.56,6.58,4.06
0.32,Good,D,SI2,64.1,54,571,4.37,4.34,2.79
1.56,Premium,G,VS1,60.2,60,13079,7.47,7.52,4.51
0.34,Premium,H,VS2,60.2,60,689,4.56,4.51,2.73
0.47,Ideal,G,IF,62.1,54,1814,4.99,5.02,3.11
0.31,Ideal,F,VS2,62.6,57,802,4.33,4.29,2.7
0.52,Ideal,D,VS2,62.3,56,1822,5.11,5.16,3.2
0.4,Good,E,SI2,63.2,57,666,4.66,4.68,2.95
0.6,Very Good,G,SI1,63.5,59.9,1565,5.28,5.3,3.36
1.53,Premium,J,SI1,60.1,59,6126,7.52,7.5,4.51
0.24,Ideal,G,SI1,62.2,54,364,3.97,4,2.48
1.11,Very Good,H,SI2,61.5,59,4029,6.56,6.61,4.05
0.41,Very Good,E,VVS2,62.8,54,1187,4.72,4.77,2.98
1,Very Good,H,VVS2,60.3,59,5929,6.41,6.46,3.88
0.58,Very Good,G,VVS2,59.1,59.6,2021,5.39,5.42,3.19
1.16,Ideal,D,SI1,62,56,5911,6.76,6.73,4.18
0.5,Ideal,E,SI1,61.9,60,1337,5.06,5.09,3.14
0.51,Ideal,E,VS2,61.5,57,1656,5.09,5.12,3.14
0.31,Good,H,VVS1,63.7,56,786,4.33,4.3,2.75
0.77,Ideal,G,VS2,62.1,56,3114,5.85,5.88,3.64
1.97,Premium,H,VS2,62.9,59,17535,8.01,7.9,5
1.2,Premium,D,SI2,62,58,5551,6.84,6.77,4.22
1.26,Ideal,J,VVS1,61.4,60,6186,6.92,6.95,4.26
0.4,Ideal,E,SI1,61.2,57,737,4.7,4.74,2.89
0.4,Ideal,D,VVS2,61.3,56,1323,4.78,4.75,2.92
1.12,Ideal,D,VS2,62,55,8279,6.63,6.66,4.12
0.33,Ideal,F,VS2,60.9,56,619,4.47,4.49,2.73
1,Premium,J,SI1,62.7,57,3416,6.4,6.33,3.99
1.09,Very Good,F,SI2,63.2,58,4853,6.54,6.49,4.12
0.79,Very Good,F,VS1,58.6,57,3398,6.08,6.14,3.58
0.42,Very Good,D,SI1,63,57,756,4.77,4.81,3.02
0.58,Premium,G,SI2,61.2,59,1307,5.4,5.36,3.29
1.5,Very Good,E,VS2,59.5,58,14592,7.44,7.48,4.44
0.24,Very Good,D,VS2,60.2,59,419,4.03,4.04,2.43
1.01,Ideal,F,VS1,61.1,59,7870,6.46,6.5,3.96
1.04,Very Good,F,SI2,63.2,58,4013,6.39,6.34,4.02
0.77,Premium,E,SI1,60.9,58,2896,5.94,5.88,3.6
1.54,Premium,G,VS2,61.6,59,12308,7.46,7.4,4.58
0.76,Very Good,J,VS1,59.3,63,2036,6.12,5.93,3.55
0.32,Ideal,F,VVS2,61.6,55,945,4.41,4.42,2.72
0.78,Ideal,D,VS2,61.9,56,3763,5.88,5.94,3.66
0.51,Ideal,G,VVS2,61.6,56,1842,5.14,5.12,3.16
0.52,Very Good,G,VS2,61.9,59,1408,5.12,5.16,3.18
1.51,Ideal,G,VS1,60.6,57,14375,7.38,7.48,4.5
2.18,Ideal,I,SI2,61.4,60,14870,8.37,8.31,5.12
0.71,Ideal,I,VS1,61.5,55,2525,5.73,5.78,3.54
0.91,Premium,F,SI2,60.8,59,3845,6.28,6.25,3.81
0.43,Ideal,E,VS2,62.8,56,1048,4.86,4.79,3.03
0.7,Ideal,F,VVS2,62,57,3160,5.68,5.74,3.54
2.02,Premium,H,VS2,62.7,53,18207,8.02,7.95,0
1.18,Premium,G,VVS2,58.2,62,9188,6.92,6.89,4.02
1.01,Premium,H,SI2,61.9,60,4242,6.43,6.4,3.97
1.07,Ideal,F,SI2,61.6,56,4954,0,6.62,0
0.3,Premium,G,VVS2,62,60,684,4.25,4.33,2.66
1.5,Good,J,VS1,63.3,57,8736,7.2,7.24,4.57
1.01,Premium,G,VS2,61.8,59,5946,6.45,6.4,3.97
0.37,Ideal,G,SI1,62,55,586,4.62,4.64,2.87
1.52,Ideal,F,VS2,62.8,55,14038,7.37,7.28,4.6
0.71,Good,E,SI1,63.1,59,2420,5.62,5.75,3.59
0.35,Ideal,G,IF,61.1,56,1044,4.54,4.59,2.79
0.32,Ideal,F,VVS2,62.1,55,800,4.37,4.39,2.72
0.52,Premium,G,VVS2,61.1,59,2012,5.2,5.15,3.16
0.34,Premium,I,SI1,60.2,59,447,4.52,4.55,2.73
0.31,Ideal,D,SI1,61.8,57,571,4.32,4.36,2.68
0.52,Very Good,H,VS1,63.5,58,1572,5.08,5.13,3.24
1.5,Premium,H,SI2,62.3,60,8645,7.3,7.22,4.52
1.21,Premium,G,VS1,59.5,58,8456,7.01,6.97,4.16
0.3,Very Good,G,VVS1,60.7,56,725,4.32,4.35,2.63
1,Good,G,VS2,62.9,56,5544,6.33,6.39,4
0.3,Ideal,H,VVS2,62.1,55,590,4.33,4.36,2.7
1.23,Very Good,D,SI2,62.3,58,6710,6.78,6.81,4.23
1.14,Ideal,F,VVS1,62.2,56,11844,6.69,6.67,4.16
1.27,Ideal,J,VS2,61.6,56.1,5606,6.94,7,4.29
1.23,Good,D,I1,63.7,58,4050,6.79,6.72,4.3
0.35,Ideal,D,VVS1,60.6,56,1330,4.58,4.59,2.78
0.91,Good,E,SI1,63.1,58,4512,6.12,6.17,3.88
1.01,Ideal,H,SI1,62.6,55,4836,6.43,6.39,4.01
1.13,Premium,J,SI2,59.7,59,4093,6.85,6.76,4.06
0.93,Ideal,I,SI2,62.3,57,3047,6.22,6.2,3.87
1.51,Premium,H,SI1,61.3,60,10012,7.33,7.29,4.48
0.58,Ideal,E,VVS2,62.1,56,2529,5.33,5.36,3.32
0.25,Good,E,VVS2,61.2,62,505,4.04,4.07,2.48
1.02,Ideal,G,I1,61.5,56,3321,6.46,6.49,3.98
0.59,Ideal,I,VS2,62,54,1300,5.4,5.43,3.36
0.31,Premium,E,VS1,61,60,816,4.37,4.35,2.66
0.54,Premium,F,VS1,60,59,1770,5.3,5.23,3.16
1.05,Ideal,F,SI1,62,55,5557,6.54,6.5,4.04
0.29,Very Good,E,VVS1,58.9,59,664,4.33,4.4,2.57
0.9,Premium,H,VS1,62.4,58,4309,6.15,6.19,3.85
1.51,Premium,E,VS2,59.8,58,14482,7.55,7.52,4.47
1.01,Premium,G,VS2,61.6,58,6027,6.45,6.4,3.96
0.41,Ideal,E,SI2,61.8,54,625,4.78,4.8,2.96
0.38,Very Good,H,VVS1,60,57,975,4.75,4.79,2.86
0.71,Ideal,D,VS2,60.1,56,4029,5.77,5.83,3.48
1.62,Ideal,I,SI2,62.2,57,8220,7.51,7.57,4.69
0.56,Ideal,F,VVS1,62.1,56,2510,5.29,5.3,3.29
1.5,Very Good,J,VVS2,63.3,57,8427,7.28,7.25,4.6
1.01,Fair,H,VS1,67.1,59,3676,6.16,6.09,4.11
2.06,Premium,H,SI2,62.6,58,12931,8.06,8.03,5.04
2.12,Ideal,H,SI2,62.4,57,16466,8.19,8.16,5.1
1.05,Fair,F,SI2,66,60,3615,6.3,6.22,4.13
0.45,Premium,F,VS1,62.1,59,1229,4.85,4.81,3
0.78,Very Good,G,SI1,63.3,56,2721,5.83,5.86,3.7
0.32,Premium,G,VVS2,62.3,54,936,4.45,4.38,2.75
0.51,Premium,E,SI1,60.3,56,1443,5.27,5.17,3.15
0.51,Premium,D,SI2,60.2,58,1109,5.24,5.2,3.14
1.24,Very Good,I,VS2,60.1,59,5783,6.95,7.02,4.2
0.41,Premium,G,VS2,60.8,59,827,4.78,4.8,2.91
0.71,Ideal,D,VS1,60.9,58,3716,5.72,5.78,3.5
0.7,Good,D,SI2,59.3,64,2312,5.8,5.76,3.43
0.34,Very Good,G,VVS2,60.4,57,713,4.53,4.56,2.74
0.5,Premium,D,SI1,62.1,58,1654,5.1,5.07,3.16
1.02,Premium,G,VVS1,58,61,8768,6.67,6.58,3.84
0.9,Very Good,G,SI2,63.4,59,3246,6.08,6.04,3.84
0.9,Good,H,SI1,64.2,60,2974,6.05,6.02,3.87
0.57,Premium,I,VS1,61.6,58,1212,5.33,5.28,3.27
0.44,Ideal,D,VS1,62.3,55,1235,4.85,4.88,3.03
0.83,Ideal,H,SI2,61.1,59,2666,6.05,6.1,3.71
0.36,Ideal,D,SI2,62.3,57,537,4.52,4.57,2.83
0.31,Ideal,G,IF,61.6,56,891,4.38,4.42,2.71
1.06,Premium,G,SI1,62.2,57,5113,6.53,6.47,4.04
1,Good,D,SI1,64.2,56,5642,6.23,6.29,4.02
0.35,Premium,I,VS1,61.8,58,709,4.53,4.5,2.79
0.31,Good,E,SI1,63.1,54,544,4.31,4.34,2.73
0.71,Premium,E,VS1,59.7,57,2920,5.87,5.78,3.48
1.02,Premium,E,SI1,61.5,58,5278,6.51,6.46,3.99
0.3,Premium,G,VS2,60.8,61,675,4.34,4.31,2.63
1.02,Very Good,D,SI2,62.8,55,4964,6.38,6.46,4.03
0.35,Very Good,E,VS1,62.3,60,829,4.5,4.52,2.81
1.7,Very Good,I,VS2,63,58,10935,7.52,7.65,4.78
0.62,Premium,G,I1,58.9,60,933,5.65,5.54,3.29
0.93,Very Good,F,I1,61.3,59,2374,6.22,6.27,3.83
1.16,Ideal,I,VS2,60.8,56,5587,6.85,6.81,4.15
0.74,Very Good,G,SI2,63.3,57,2398,5.73,5.7,3.62
1.52,Good,G,SI2,63.1,58,7933,7.21,7.3,4.58
0.32,Ideal,G,VVS1,61.9,56,842,4.39,4.4,2.72
0.41,Premium,F,VVS2,60.1,58,1115,4.79,4.83,2.89
0.51,Ideal,G,VVS2,60.1,56,1875,5.19,5.22,3.13
1.05,Premium,G,SI2,60.1,60,3828,6.58,6.66,3.98
1,Very Good,F,SI2,62.6,58,4081,6.31,6.37,3.97
0.3,Good,G,VVS1,63.4,56,789,4.27,4.31,2.72
0.42,Ideal,I,VS1,61.5,56,771,4.83,4.86,2.98
0.55,Ideal,I,VVS1,62.7,57,1593,5.17,5.23,3.26
0.33,Ideal,D,VS2,61.8,56,1002,4.48,4.45,2.76
1.17,Premium,F,VS2,60.2,58,8256,6.88,6.85,4.13
0.9,Fair,I,VVS1,63.5,57,4194,5.98,6.09,3.83
0.52,Good,H,VS2,63.7,54,1289,5.09,5.12,3.25
0.42,Ideal,E,SI1,61.5,55,773,4.82,4.9,2.99
0.4,Premium,G,VS1,61.3,60,877,4.66,4.71,2.87
0.5,Very Good,H,VS2,62.3,58,1302,5.05,5.12,3.17
0.53,Very Good,E,VS2,62.3,56.7,1857,5.19,5.23,3.25
0.31,Ideal,H,SI1,62,53.9,491,4.35,4.39,2.7
0.41,Good,E,VS2,58.1,59,772,4.89,4.95,2.86
1,Premium,H,VS2,61.3,61,5096,6.44,6.38,3.93
0.3,Very Good,E,SI1,62.9,57,526,4.27,4.32,2.7
0.31,Ideal,H,VVS1,61.6,55,907,4.38,4.35,2.69
2.04,Premium,E,SI2,58.3,58,17379,8.35,8.31,4.86
0.25,Very Good,I,VVS2,61.6,56,455,4.06,4.09,2.51
0.31,Very Good,F,VS1,62,56,675,4.32,4.35,2.69
0.81,Very Good,H,SI1,59.1,57,2562,6.09,6.16,3.62
0.33,Ideal,F,VS2,61.1,56,804,4.47,4.5,2.74
1.74,Premium,G,VS2,61,58,17614,7.77,7.75,4.73
0.32,Ideal,E,VVS2,62.2,53,816,4.39,4.42,2.74
0.5,Fair,G,VS1,66.8,56,1367,4.85,4.91,3.26
1,Very Good,E,SI2,62.8,59,4125,6.3,6.34,3.97
1.23,Good,J,VS2,63.6,57,5386,6.79,6.74,4.3
0.3,Ideal,D,SI1,61.7,56,709,4.35,4.31,2.67
0.9,Good,F,SI1,62.6,58,4006,6.1,6.14,3.83
0.5,Very Good,G,SI1,62.4,52,1153,5.1,5.15,3.2
0.42,Premium,E,SI1,61.6,59,992,4.85,4.83,2.98
0.7,Very Good,I,I1,63.2,59,1235,5.62,5.59,3.54
1.01,Premium,G,SI2,63,59,3923,6.38,6.32,4
1.16,Ideal,D,VVS2,61.9,55,12314,6.72,6.76,4.17
0.33,Ideal,F,VVS1,62,59,829,4.42,4.45,2.75
1.21,Premium,I,SI1,59.3,59,5421,6.98,6.95,4.13
0.71,Very Good,I,SI1,62.9,59,2008,5.66,5.7,3.57
1.23,Ideal,I,SI2,62.3,55,4773,6.85,6.82,4.26
1.22,Very Good,E,SI2,63.3,56,5739,6.78,6.75,4.28
1,Premium,E,VS1,61.9,60,7392,6.44,6.41,3.98
0.4,Very Good,E,SI1,62.2,62,687,4.66,4.69,2.91
0.7,Very Good,I,VVS1,58.8,61,2389,5.78,5.82,3.41
1.04,Ideal,I,SI1,61.8,59,4484,6.46,6.48,4
0.4,Good,H,VS2,59.4,64,730,4.75,4.82,2.84
1,Good,D,SI1,60.4,64,5005,6.3,6.39,3.83
1.62,Premium,F,SI1,60.1,58,11733,7.63,7.59,4.57
0.91,Very Good,F,VS1,62.4,59,5302,6.15,6.16,3.84
0.31,Ideal,H,VVS1,61.5,56,907,4.38,4.34,2.68
0.76,Ideal,E,SI1,61.3,55,3584,5.87,5.91,3.61
1.05,Premium,E,VVS2,59.6,60,9858,6.61,6.58,3.93
0.31,Very Good,G,VVS1,63.5,57,1046,4.33,4.3,2.74
0.9,Premium,D,SI2,59.2,60,4114,6.34,6.3,3.74
1.11,Ideal,E,VS2,62.2,56,7459,6.66,6.59,4.12
0.73,Premium,H,SI2,62.5,58,2234,5.73,5.69,3.57
1.01,Premium,F,SI1,62.9,58,5090,6.43,6.35,4.02
0.31,Premium,E,VS1,60.5,59,942,4.37,4.36,2.64
0.3,Good,I,VS1,63.3,59,473,4.2,4.23,2.67
0.5,Good,D,VS2,64,56,1708,5.04,5.02,3.22
0.51,Premium,F,VS2,62.7,59,1402,5.04,5.07,3.17
1.11,Ideal,F,VVS1,61.9,57,10412,6.62,6.66,4.11
0.42,Good,F,SI1,63.4,56,722,4.76,4.8,3.03
0.84,Very Good,D,VS1,60.1,58,4869,6.12,6.15,3.69
0.52,Ideal,G,SI2,61.3,56,1150,5.19,5.22,3.19
1.09,Ideal,D,SI2,62.1,56,5258,6.59,6.56,4.08
0.7,Fair,H,SI1,61,66,1995,5.68,5.64,3.45
2.09,Premium,H,SI2,60.6,59,17805,8.27,8.22,5
0.42,Premium,D,VVS2,59.6,59,1210,4.96,4.9,2.94
1,Very Good,D,SI1,61.4,63,6040,6.35,6.41,3.92
0.41,Premium,E,VS1,62.2,57,1153,4.78,4.74,2.96
1.01,Premium,I,SI2,61.9,58,3054,6.45,6.41,3.98
1.02,Premium,H,SI2,59.8,59,4284,6.54,6.5,3.9
0.71,Premium,F,SI1,62.3,60,2458,5.68,5.65,3.53
0.27,Very Good,F,VS1,60.5,57,518,4.21,4.23,2.55
0.47,Ideal,D,VVS1,61.9,54,2378,4.98,5,3.09
1.5,Very Good,I,VS2,59.4,61,9342,7.41,7.45,4.41
1.3,Premium,H,VS1,61.5,58,7855,6.98,6.96,4.29
0.92,Very Good,D,I1,63,58,2674,6.13,6.18,3.88
0.7,Very Good,G,VS1,63.1,57,2497,5.7,5.61,3.57
1.13,Ideal,F,VVS2,61.4,56,10327,6.77,6.72,4.14
1.5,Premium,I,SI2,62.7,57,7526,7.35,7.28,4.59
1.05,Ideal,H,SI1,62.4,57,5128,6.49,6.52,4.06
0.87,Premium,D,SI1,58.8,56,3742,6.3,6.26,3.69
1.03,Ideal,F,VS2,60.7,56,6662,6.58,6.56,3.99
0.73,Premium,F,SI1,62.4,55,2346,5.78,5.71,3.59
0.26,Ideal,G,IF,60.8,56,648,4.11,4.15,2.51
1.08,Premium,F,VS2,62.1,59,7637,6.59,6.54,4.08
0.7,Premium,G,VS1,62.6,60,2512,5.58,5.66,3.52
0.83,Ideal,H,SI1,62.5,55,2816,6.04,6,3.76
0.38,Premium,I,VS2,61.5,58,812,4.62,4.61,2.84
0.54,Premium,H,VS1,62.6,59,1600,5.19,5.22,3.26
1.51,Premium,I,VS1,62.3,60,9467,7.28,7.32,4.55
0.44,Ideal,E,VVS2,61.9,56,1274,4.88,4.91,3.03
0.71,Premium,G,SI2,62.7,60,2147,5.69,5.63,3.55
0.38,Very Good,F,IF,60.2,58,1284,4.73,4.7,2.84
1.25,Good,I,SI2,63.9,56,4725,6.81,6.77,4.34
0.23,Very Good,F,IF,59.5,58,530,4,4.03,2.39
0.31,Very Good,G,VS1,61.6,56,640,4.35,4.38,2.69
0.78,Ideal,H,VVS2,62.1,56,3581,5.88,5.9,3.66
1.2,Very Good,G,SI2,62.6,60,5116,6.68,6.74,4.2
0.7,Premium,F,SI1,62.1,58,2504,5.64,5.7,3.52
0.6,Premium,D,SI2,62,57,1196,5.43,5.35,3.34
0.9,Very Good,I,SI1,61.4,55,3271,6.19,6.28,3.83
1.01,Premium,D,SI1,62.2,53,5656,6.47,6.43,4.01
0.44,Premium,F,SI2,62.8,60,832,4.86,4.82,3.04
0.5,Premium,G,VS1,60.3,60,1629,5.1,5.08,3.07
0.52,Premium,G,VS1,62.4,59,1815,5.16,5.13,3.21
0.25,Ideal,F,VS2,62.8,57,436,3.98,4.01,2.51
0.32,Premium,D,VS2,62,57,972,4.42,4.38,2.73
0.35,Ideal,E,VS1,61.2,56,1063,4.55,4.53,2.78
0.7,Good,G,VVS1,58.5,62,3380,5.8,5.82,3.4
1.58,Ideal,E,VS1,62.6,56,17894,7.41,7.44,4.65
0.9,Good,H,VS2,64,58,3919,6.11,6.07,3.9
2.05,Premium,I,VS2,60.8,58,16896,8.26,8.19,5
0.3,Premium,E,VS2,60.7,59,658,4.3,4.33,2.62
0.29,Very Good,H,VVS2,62.2,54,466,4.23,4.26,2.64
0.9,Very Good,H,SI1,58.7,59,3447,6.3,6.35,3.71
0.71,Very Good,F,VS2,61.3,61,2860,5.68,5.73,3.5
0.83,Ideal,E,SI1,62.7,57,3231,5.96,6.01,3.75
0.6,Fair,G,SI1,64.5,56,1305,5.27,5.24,3.39
1.04,Premium,H,SI1,59.5,58,4980,6.67,6.58,3.94
0.91,Good,H,VS2,63.1,59,3921,6.13,6.16,3.88
0.71,Ideal,E,VS2,62,55,3421,5.72,5.77,3.56
0.31,Ideal,H,VS2,62.4,55,628,4.36,4.33,2.71
0.72,Ideal,F,VVS2,60.9,56,3746,5.77,5.83,3.53
0.32,Premium,F,VS2,61.7,58,828,4.41,4.38,2.71
1.34,Ideal,H,SI2,61.6,56,6904,7.1,7.05,4.36
0.26,Ideal,H,VVS2,62.5,54,508,4.11,4.14,2.58
0.26,Very Good,E,VVS2,63,58,597,4.08,4.11,2.58
1.21,Ideal,G,VS1,61.8,57,10685,6.81,6.86,4.23
1,Premium,G,SI1,61.9,62,5154,6.22,6.18,3.84
0.34,Ideal,D,VS2,61.4,56,1033,4.53,4.5,2.77
1.21,Premium,F,VS1,62.6,59,10018,6.81,6.76,4.25
0.3,Good,H,VS1,63.2,56,526,4.25,4.29,2.7
2.02,Premium,E,SI2,59.9,58,13677,8.18,8.14,4.89
1.06,Premium,F,SI1,61,58,5236,6.65,6.6,4.04
0.71,Ideal,H,VS2,60.9,55,2450,5.76,5.74,3.5
2.04,Premium,H,SI1,58,59,14888,8.4,8.27,4.83
0.32,Good,E,SI1,63.2,56,561,4.35,4.38,2.76
0.71,Ideal,I,SI1,61,56,2319,5.75,5.78,3.52
0.71,Ideal,F,VVS1,61.8,56,3880,5.72,5.74,3.54
1.21,Ideal,H,SI1,62.7,56,4249,6.81,6.78,4.26
0.39,Premium,G,IF,59.8,55,1271,4.84,4.77,2.87
1.19,Premium,H,SI1,62.7,56,5802,6.76,6.7,4.22
0.3,Very Good,G,VS1,62.8,57,605,4.24,4.26,2.67
2.02,Very Good,I,SI2,61.9,60,14715,8.12,8.06,5.01
0.3,Ideal,E,VS2,62.3,57,658,4.29,4.32,2.68
1.23,Very Good,E,VVS2,60.4,62,11175,6.88,6.93,4.17
0.71,Very Good,H,SI1,62.4,58,2076,5.67,5.7,3.55
0.4,Ideal,G,VVS1,62.4,54,1043,4.73,4.75,2.96
1,Premium,J,SI2,62.7,58,3293,6.32,6.28,3.95
1.01,Ideal,G,SI2,59.5,57,4079,6.56,6.59,3.91
0.62,Ideal,E,VS1,61.3,56,2731,5.52,5.54,3.39
0.92,Good,F,SI2,63.7,64,3787,6.13,6.08,3.89
1.52,Fair,I,VVS2,64.9,56,7303,7.28,7.21,4.7
1.06,Good,J,VS2,63.5,60.1,4517,6.43,6.51,4.11
2.07,Fair,G,I1,67.7,56,6503,7.76,7.73,5.25
0.23,Very Good,E,VVS2,61.9,60,505,3.93,3.96,2.44
1,Good,E,SI2,63.7,61,3889,6.32,6.27,4.01
1.08,Very Good,G,SI2,59.8,57,4241,6.66,6.72,4
1.21,Premium,G,VS2,62.2,58,7320,6.78,6.88,4.25
0.43,Premium,E,SI2,61.8,60,882,4.85,4.83,2.99
0.26,Very Good,F,VVS2,60,59,597,4.11,4.15,2.48
1.51,Premium,G,SI1,62.2,58,10688,7.3,7.26,4.53
0.24,Very Good,E,VS1,61.5,57,357,3.99,4.07,2.48
0.43,Very Good,G,VVS1,60.7,57,1143,4.87,4.89,2.96
0.52,Premium,G,VS2,60.9,58,1447,5.19,5.22,3.17
0.44,Very Good,E,SI1,62.2,60,810,4.79,4.86,3
0.51,Premium,F,VS1,61.4,58,1744,5.15,5.18,3.17
1,Premium,J,VS2,60.7,58,3877,6.49,6.52,3.95
1.01,Very Good,F,SI1,60.8,59,4869,6.49,6.53,3.96
0.5,Good,E,VVS1,58.3,62,2008,5.16,5.23,3.03
0.53,Ideal,F,VS1,61.8,56,1812,5.2,5.22,3.22
1.5,Premium,E,VVS2,58.7,61,17667,7.49,7.36,4.36
0.36,Ideal,I,IF,60.8,57,852,4.6,4.64,2.81
0.42,Ideal,G,VS1,61.4,56,921,4.82,4.85,2.97
0.41,Ideal,E,VS1,60.8,56,1154,4.84,4.8,2.93
0.38,Ideal,F,VS2,61.3,57,822,4.65,4.68,2.86
0.3,Very Good,G,VVS2,60.4,60,638,4.3,4.34,2.61
0.34,Ideal,D,VS1,60.3,57,914,4.52,4.55,2.73
1.04,Premium,G,VS2,62.3,54,6206,6.55,6.49,4.06
0.39,Very Good,F,VS2,62.4,58,821,4.61,4.65,2.89
0.4,Premium,E,VS1,60.4,59,1125,4.81,4.76,2.89
0.71,Ideal,D,SI1,61.7,57,2863,5.75,5.7,3.53
0.3,Premium,G,SI1,59.7,60,574,4.39,4.35,2.61
0.24,Good,E,VVS2,65,58,492,3.85,3.9,2.52
0.37,Ideal,F,VS2,61.1,57,746,4.63,4.67,2.84
0.51,Very Good,G,SI1,63.4,56,1122,5.03,5.1,3.21
0.36,Ideal,F,IF,61.4,55.9,1138,4.58,4.62,2.82
0.31,Ideal,D,SI1,62,55,571,4.36,4.38,2.71
1.03,Premium,F,SI2,60.7,60,4586,6.52,6.47,3.94
1.52,Premium,H,VS1,61.4,58,11621,7.44,7.3,4.55
1,Good,G,SI1,62.5,62,4466,6.32,6.36,3.96
0.24,Very Good,D,VVS2,62.9,59,492,3.95,3.97,2.49
0.33,Ideal,F,VVS2,62.4,56,1067,4.43,4.41,2.76
0.78,Very Good,I,SI1,63.1,56,2228,5.88,5.82,3.69
0.3,Ideal,G,VS2,62.2,57,675,4.32,4.26,2.67
0.55,Ideal,D,VS1,61.5,56,1918,5.26,5.28,3.24
0.96,Very Good,I,SI2,62.7,58,3286,6.2,6.24,3.9
0.9,Ideal,F,SI1,62.4,56,3992,6.22,6.18,3.87
0.77,Premium,G,SI2,61.3,58,2129,5.94,5.88,3.62
0.9,Good,E,SI1,63.5,55,3570,6.12,6.22,3.92
0.9,Ideal,F,VS1,61.6,56,5386,6.2,6.23,3.83
1,Ideal,G,VS2,60.5,56,6328,6.54,6.49,3.94
0.3,Ideal,F,IF,61.8,56,886,4.31,4.33,2.67
0.97,Very Good,G,SI1,61,59,4504,6.36,6.4,3.89
0.81,Ideal,E,SI2,60.2,57,2938,6.1,6.06,3.66
0.37,Good,H,VS2,63.7,55,584,4.54,4.56,2.9
2.02,Very Good,I,VS2,58.8,57,14620,8.21,8.29,4.85
0.7,Ideal,F,SI1,61.5,56,2348,5.74,5.7,3.52
0.82,Very Good,G,SI1,63.1,52,2716,6.02,5.97,3.78
0.41,Premium,I,VVS2,62.1,58,1061,4.78,4.76,2.96
0.3,Premium,H,VS1,62.6,59,526,4.26,4.3,2.68
0.32,Ideal,H,VVS1,61.6,55,730,4.4,4.43,2.72
1,Very Good,F,SI1,63.1,59,4234,6.29,6.22,3.95
0.38,Good,E,VS2,63.2,57,693,4.59,4.62,2.91
1.05,Very Good,G,VS1,61.8,58,6766,6.5,6.55,4.03
0.43,Ideal,D,VS1,61.9,55,1207,4.85,4.87,3.01
0.31,Very Good,H,SI1,62.9,56,435,4.27,4.31,2.7
1.04,Ideal,F,SI2,62.6,57,4630,6.48,6.45,4.05
0.41,Very Good,F,SI1,63.2,59,969,4.72,4.68,2.97
0.35,Ideal,I,VS2,62.5,57,491,4.5,4.53,2.82
0.43,Ideal,E,VS2,62.1,56,1048,4.87,4.83,3.01
0.51,Ideal,G,VS1,62.5,57,1656,5.07,5.14,3.19
1.01,Premium,D,SI2,61.7,59,4072,6.41,6.37,3.94
1.6,Premium,H,VS2,62.6,58,11508,7.5,7.45,4.68
0.33,Premium,G,SI2,59.4,59,557,4.52,4.5,2.68
0.31,Ideal,H,IF,60.8,56,1081,4.42,4.4,2.68
1.01,Ideal,H,SI1,61.8,54,5158,6.48,6.44,3.99
1.7,Premium,E,SI1,61.8,58,15804,7.62,7.52,4.68
1.5,Premium,I,SI2,62.9,57,6132,7.28,7.26,4.57
0.41,Very Good,G,VS1,60.5,57,899,4.81,4.85,2.92
1.23,Very Good,H,VS2,58.5,62,6039,6.98,7,4.09
1.5,Very Good,J,VS2,62.6,58,7492,7.25,7.29,4.55
1.36,Ideal,G,VVS2,61.1,57,11848,7.14,7.2,4.38
0.54,Ideal,G,SI2,61.4,56,1192,5.27,5.29,3.24
0.7,Very Good,J,VVS1,63.3,55,2042,5.63,5.68,3.58
0.8,Ideal,E,SI1,62,57,3297,5.97,5.94,3.69
1.23,Ideal,H,VS1,62.1,54,7946,6.87,6.89,4.27
1.09,Ideal,F,SI1,62,56,5922,6.61,6.56,4.08
1.5,Premium,I,VS2,62.3,58,8820,7.31,7.26,4.54
0.32,Premium,J,VS2,60,61,504,4.49,4.45,2.68
1.42,Ideal,H,SI2,62.2,56,7475,7.21,7.16,4.47
1.19,Premium,I,SI1,61.3,59,5464,6.84,6.79,4.18
0.71,Very Good,F,VS2,63.5,60,2630,5.64,5.67,3.59
1.04,Premium,D,SI2,62.4,56,5292,6.5,6.45,4.04
0.74,Ideal,F,VS1,61.9,54,3590,5.78,5.82,3.59
1.51,Good,I,VVS1,64,60,9301,7.21,7.26,4.63
2.42,Premium,I,VS1,59.8,59,17262,8.8,8.78,5.26
0.31,Premium,I,VS1,62.3,59,628,4.35,4.29,2.69
1.01,Very Good,F,SI2,60,55,4425,6.56,6.53,3.93
0.8,Very Good,F,VS2,61.3,55,3954,5.93,6.01,3.66
0.41,Premium,E,SI1,62.8,58,904,4.77,4.72,2.98
0.6,Ideal,F,VVS2,60.9,57,2698,5.45,5.48,3.33
1,Premium,F,VS2,59.9,60,5606,6.11,6.07,3.65
1.06,Ideal,I,SI1,62.6,56,4646,6.46,6.54,4.07
1.73,Premium,J,SI1,60.7,58,9271,7.78,7.73,4.71
1.04,Premium,F,SI1,62.5,60,5621,6.43,6.46,4.03
0.3,Premium,H,VVS1,60.7,58,796,4.38,4.35,2.65
0.36,Very Good,E,IF,59.5,57,1053,4.68,4.73,2.8
0.31,Ideal,F,IF,61.7,56,901,4.34,4.38,2.69
1.51,Very Good,F,VVS2,61.3,61,17203,7.33,7.36,4.5
0.51,Ideal,F,VS2,62.8,57,1619,5.1,5.06,3.19
1.51,Premium,H,VS2,60.6,58,10411,7.42,7.36,4.48
1.51,Ideal,G,VS2,62.8,57,10553,7.33,7.26,4.58
0.31,Good,E,SI1,63.3,55,544,4.31,4.35,2.74
0.97,Very Good,F,SI2,59.6,59,3977,6.41,6.47,3.84
1.01,Premium,F,SI2,61.9,58,4676,6.39,6.34,3.94
1.5,Very Good,I,VVS2,62,53,10873,7.3,7.34,4.54
0.3,Very Good,D,VS1,60.1,58,666,4.35,4.37,2.62
0.31,Premium,I,VS2,61.1,58,558,4.38,4.36,2.67
0.38,Premium,I,VS2,61.8,59,633,4.61,4.64,2.86
1.5,Good,I,SI1,64.3,55,8736,7.24,7.19,4.64
0.77,Ideal,F,VS1,61.2,56,3647,5.9,5.93,3.62
0.51,Ideal,D,VS1,61.7,54,1845,5.15,5.12,3.17
0.5,Very Good,F,VS1,58.8,60,1657,5.18,5.2,3.05
0.57,Premium,H,VS2,60.1,61,1414,5.4,5.29,3.21
1.51,Fair,H,VS2,65,64,9452,7.1,7.03,4.59
0.32,Ideal,E,VVS2,61.4,54,843,4.44,4.45,2.73
0.32,Ideal,E,VVS1,61.7,56,954,4.4,4.42,2.72
0.74,Ideal,G,VS1,61.8,55,2960,5.85,5.8,3.6
0.44,Ideal,H,VS1,61.3,57,1089,4.98,4.91,3.03
0.3,Good,G,VVS2,63.3,57,684,4.23,4.27,2.69
1.04,Premium,E,VVS1,62.5,59,10539,6.46,6.41,4.02
0.35,Ideal,E,IF,61.4,56,1254,4.56,4.53,2.79
0.54,Ideal,E,VS2,61,56,1847,5.28,5.25,3.21
1.13,Ideal,D,VVS2,61.7,57,12150,6.65,6.68,4.11
0.3,Ideal,F,VS2,62.5,55,605,4.27,4.31,2.68
0.9,Very Good,D,VS1,62.2,58,6208,6.14,6.18,3.83
0.83,Very Good,E,SI1,63.5,58,3365,5.93,5.98,3.78
0.36,Ideal,D,VS2,60.6,57,852,4.57,4.61,2.78
0.3,Ideal,E,IF,61.2,58,957,4.31,4.38,2.66
0.73,Ideal,G,SI1,62.1,56,2654,5.74,5.79,3.58
0.51,Premium,F,SI1,60.7,58,1421,5.14,5.1,3.11
1.25,Premium,I,SI1,62.5,59,5250,6.89,6.81,4.28
0.23,Very Good,H,VVS2,62.6,56,431,3.92,3.95,2.46
0.71,Premium,D,VS2,61.2,59,2874,5.69,5.74,3.5
1,Good,F,VS2,64.2,58,5606,6.32,6.26,4.04
0.3,Very Good,F,VS2,62.8,58,605,4.24,4.29,2.68
1.65,Fair,J,SI1,61.6,66,5914,7.61,7.47,4.66
0.24,Ideal,F,VVS1,61.8,55,678,4,4.03,2.48
0.96,Fair,H,I1,66.9,60,1705,6.15,6.04,4.09
1,Ideal,G,VS2,62.3,56,5887,6.37,6.41,3.98
0.52,Premium,G,VVS2,61,58,1707,5.15,5.21,3.16
0.76,Good,F,VS1,59.9,61,3057,5.89,5.98,3.56
1.08,Premium,F,SI2,62.6,56,4488,6.61,6.55,4.12
0.51,Very Good,H,VS2,63.5,60,1268,5.04,5.01,3.19
0.91,Good,F,VVS2,62.6,61,5225,6.12,6.19,3.85
1.22,Ideal,G,VS1,62.5,57,8608,6.82,6.77,4.25
0.3,Premium,E,VS2,62.6,58,658,4.26,4.3,2.68
0.9,Premium,D,SI1,62.2,58,4612,6.18,6.11,3.82
0.5,Good,F,VS2,63.6,58,1433,5.05,5.02,3.2
0.4,Premium,E,SI1,62.6,59,737,4.68,4.71,2.94
0.41,Premium,G,SI1,62.5,58,923,4.78,4.75,2.98
1.11,Ideal,H,SI1,62.5,56,5395,6.65,6.63,4.15
1.5,Premium,F,VVS2,58.8,58,17203,7.51,7.43,4.39
0.34,Ideal,D,VS2,62,54,1033,4.52,4.48,2.79
0.7,Premium,F,VS2,62.4,59,2686,5.68,5.64,3.53
0.3,Premium,E,VS2,62.2,60,658,4.24,4.28,2.65
0.54,Ideal,D,SI1,62.1,56,1786,5.25,5.21,3.25
1.23,Ideal,G,VVS1,61.4,55,11417,6.89,6.93,4.24
0.51,Premium,F,SI2,58.1,59,1052,5.26,5.24,3.05
0.83,Ideal,J,VS2,62.1,56,2570,5.98,6.03,3.73
1.56,Good,H,SI1,63.7,57,7862,7.34,7.25,4.65
1.2,Ideal,G,VVS1,61.2,56,9744,6.89,6.86,4.21
0.31,Very Good,E,VVS1,59.9,62,763,4.4,4.41,2.64
0.46,Ideal,J,IF,61.8,56,1221,4.98,4.95,3.07
1.51,Fair,I,I1,65.7,61,5074,7.08,7.02,4.63
0.31,Ideal,D,VS2,62.1,56,734,4.34,4.35,2.7
1.5,Good,E,VVS2,64.3,58,17449,7.2,7.13,4.61
0.3,Very Good,H,VVS2,62.9,57,605,4.28,4.31,2.7
0.43,Premium,G,VVS1,62.2,58,1207,4.78,4.83,2.99
1.02,Premium,F,SI2,59.9,62,4238,6.53,6.5,3.9
1.11,Ideal,I,SI1,61.4,60,4849,6.61,6.65,4.07
0.31,Premium,H,VVS1,60.6,59,707,4.36,4.38,2.65
1.02,Very Good,E,SI1,60.6,59,5424,6.47,6.49,3.93
1.2,Premium,I,SI2,60,58,5080,6.93,6.91,4.15
1.5,Very Good,D,SI1,63.4,58,11352,7.16,7.25,4.57
0.58,Premium,F,SI2,63,56,1226,5.34,5.26,3.34
1.07,Premium,E,SI2,61.3,59,4943,6.58,6.64,4.05
0.9,Ideal,F,SI1,62.5,56,4054,6.13,6.16,3.84
0.3,Very Good,D,VS1,58,62,666,4.44,4.45,2.58
0.83,Ideal,E,VS2,61.8,57,3625,6.04,6.03,3.73
0.79,Ideal,D,SI1,61.2,57,3605,5.94,5.98,3.65
1.52,Fair,I,SI2,64.7,58,6905,7.19,7.22,4.66
1,Very Good,G,SI2,62.8,57,4207,6.31,6.37,3.98
0.4,Ideal,E,VVS2,61.7,55,1158,4.74,4.76,2.93
1.21,Premium,E,SI2,61.5,58,6223,6.86,6.79,4.2
0.53,Very Good,G,SI1,61.2,55,1237,5.21,5.34,3.23
0.92,Ideal,H,IF,62.5,55,5758,6.25,6.3,3.92
0.36,Ideal,G,VVS2,62.3,56,1053,4.56,4.53,2.83
1.5,Premium,H,SI1,61.6,58,8669,7.33,7.38,4.53
0.24,Very Good,E,VVS2,58.5,59,552,4.04,4.09,2.38
0.3,Premium,D,SI1,62.2,58,709,4.31,4.28,2.67
0.25,Ideal,G,VVS1,62.6,56,582,4.01,4.05,2.52
1.19,Premium,G,VS2,61.9,58,7389,6.86,6.74,4.21
0.66,Good,G,VS1,59,62,2055,5.66,5.72,3.35
0.5,Premium,F,VVS1,61.1,55,2081,5.15,5.13,3.14
0.52,Ideal,G,VVS2,61.6,56,1784,5.15,5.18,3.18
0.39,Ideal,E,VS1,62,54,948,4.68,4.71,2.91
0.9,Very Good,G,VS1,61.4,57,5135,6.2,6.24,3.82
1.01,Good,F,SI1,63.3,58,4479,6.31,6.4,4.02
1.07,Premium,H,SI2,60,59,3775,6.6,6.56,3.95
0.9,Ideal,F,SI2,62.6,57,3704,6.2,6.13,3.86
1.02,Premium,G,SI1,61.1,58,5255,6.52,6.48,3.97
0.7,Good,H,VVS2,63.7,54,2427,5.72,5.62,3.61
0.38,Ideal,E,VVS1,61.5,56,1154,4.67,4.7,2.88
1.01,Good,F,VS2,62.1,58,6288,6.28,6.35,3.92
0.51,Very Good,H,VS2,61.4,55.8,1436,5.14,5.19,3.17
0.3,Very Good,F,SI1,63.5,59,641,4.22,4.19,2.67
1.01,Very Good,E,VS2,61.7,56,5777,6.41,6.45,3.97
1.19,Premium,H,SI2,61.9,58,4332,6.84,6.77,4.21
0.42,Ideal,H,VS1,61.2,57,1048,4.87,4.8,2.96
0.43,Ideal,F,SI1,61.7,54,1016,4.9,4.86,3.01
0.31,Ideal,E,IF,60.4,56,1188,4.43,4.38,2.66
1.08,Good,D,SI1,63.8,59,5821,6.39,6.47,4.1
1.23,Ideal,G,VVS1,63.2,56,10113,6.78,6.83,4.3
1.1,Ideal,I,VS1,62.3,55,5864,6.64,6.6,4.12
1.02,Good,E,SI1,63.1,57,4443,6.37,6.43,4.04
1.01,Very Good,I,SI1,62.1,58,4681,6.37,6.39,3.96
0.31,Ideal,F,VS1,61.8,56,695,4.33,4.36,2.68
0.3,Ideal,E,VVS1,61.2,57,895,4.33,4.36,2.66
0.23,Good,F,VS2,63.8,57,447,3.93,3.84,2.48
0.91,Premium,E,SI1,61.5,60,3842,6.24,6.19,3.82
0.7,Good,E,VS1,65.5,57,2657,5.46,5.54,3.6
1.15,Premium,I,SI1,62.5,60,4939,6.72,6.68,4.19
1.02,Premium,G,VS1,62,56,6683,6.5,6.43,4.01
0.32,Premium,G,VS2,62.5,58,720,4.38,4.36,2.73
1,Ideal,H,SI1,61.9,57,4872,6.43,6.39,3.97
0.9,Good,E,SI2,64.1,58,3595,6.04,6.09,3.89
1,Fair,F,SI2,65.1,55,3265,6.26,6.23,4.07
0.51,Very Good,F,VS2,62.9,55,1569,5.08,5.12,3.21
1.34,Premium,I,VS2,61.8,59,6754,7.07,7.04,4.36
0.42,Ideal,G,VVS1,61.7,55,1179,4.78,4.84,2.97
0.31,Premium,G,VS2,61.8,58,435,4.35,4.39,2.7
0.3,Premium,H,VVS2,62.4,58,605,4.26,4.3,2.67
1.13,Premium,I,SI1,62.8,57,4746,6.68,6.64,4.18
1.51,Very Good,F,VS1,62.6,57,14976,7.25,7.29,4.55
0.34,Premium,H,VS2,61.7,60,689,4.51,4.47,2.77
0.9,Fair,H,VS2,64.8,58,3538,6.07,6.03,3.92
1.31,Ideal,G,VVS2,60.9,56,11531,7.17,7.07,4.32
0.72,Good,D,SI2,59.7,61,2620,5.78,5.84,3.47
0.53,Ideal,G,VVS2,60.4,56,1948,5.24,5.29,3.18
0.4,Good,F,VVS1,61.9,61,1349,4.71,4.73,2.92
0.41,Ideal,G,SI1,61.8,55,876,4.8,4.81,2.97
1.24,Ideal,D,VVS2,62.6,55,13929,6.94,6.89,4.33
0.31,Ideal,G,SI1,61.9,55,493,4.38,4.41,2.72
0.32,Ideal,E,VVS2,61.9,54,843,4.41,4.44,2.74
0.44,Premium,G,SI1,61.1,59,772,4.86,4.9,2.98
0.56,Ideal,H,VS1,61.1,57,1715,5.31,5.34,3.25
0.3,Ideal,E,VVS2,61.9,58,766,4.28,4.32,2.66
1.23,Ideal,H,SI1,61.7,55,6750,6.94,6.9,4.27
0.32,Premium,G,IF,61.8,55,1020,4.45,4.39,2.73
0.39,Very Good,E,VVS2,62.2,55,962,4.66,4.7,2.91
0.3,Very Good,G,VS1,62.9,55,620,4.25,4.27,2.68
0.41,Ideal,G,VVS1,62.2,54,1076,4.79,4.82,2.99
1.52,Good,F,VS2,57.8,59,12283,7.58,7.5,4.36
0.7,Good,E,SI1,61.4,64,2872,5.66,5.71,3.49
1.01,Very Good,J,SI1,62.8,57,3998,6.37,6.41,4.01
1.03,Premium,E,VS1,61.4,58,7677,6.52,6.58,4.02
1.03,Premium,E,SI2,61.8,59,4845,6.47,6.42,3.98
0.39,Very Good,F,VVS1,60.8,57,1107,4.72,4.75,2.88
0.52,Ideal,D,VS2,61.8,57,1752,5.16,5.2,3.2
0.3,Very Good,H,VVS1,62.8,56,655,4.26,4.28,2.68
0.32,Premium,H,VS2,60.7,61,648,4.41,4.39,2.67
0.38,Ideal,E,SI1,59.4,61,660,4.72,4.74,2.81
1.16,Ideal,D,VVS2,62,55,12989,6.68,6.72,4.19
1.36,Good,G,SI1,63.8,55,7639,6.97,6.94,4.44
1.51,Ideal,G,SI1,62.9,57,11255,7.3,7.27,4.58
0.27,Very Good,F,VVS2,62.5,59,544,4.11,4.15,2.58
0.9,Very Good,F,SI1,61.6,58,4074,6.12,6.26,3.81
0.45,Fair,F,VS2,64.3,59,1080,4.8,4.75,3.07
0.3,Very Good,H,IF,62.3,56,691,4.3,4.33,2.68
0.35,Ideal,E,VS2,61.6,55,767,4.49,4.54,2.78
0.4,Good,F,I1,63.3,60.4,491,4.64,4.68,2.95
0.63,Premium,G,VS2,61.5,57,1871,5.54,5.51,3.4
0.45,Ideal,G,VVS1,61.7,56,1297,4.93,4.96,3.05
0.37,Very Good,F,SI1,62.3,59,616,4.57,4.61,2.86
1.69,Ideal,H,VS1,61,57,13882,7.72,7.66,4.69
0.33,Premium,F,SI1,62.8,58,705,4.42,4.4,2.77
0.3,Ideal,D,VS2,60.9,57,911,4.35,4.32,2.64
1.01,Ideal,D,VVS2,61.1,57,11057,6.49,6.47,3.96
0.9,Ideal,E,SI2,62,55,3599,6.23,6.15,3.84
0.7,Premium,G,SI2,58.1,60,2056,5.81,5.79,3.37
0.42,Premium,F,VVS2,59.6,59,1142,4.83,4.86,2.89
2.01,Premium,H,SI1,61.5,53,16733,8.13,8.03,4.97
1.11,Ideal,G,VVS2,61.8,56,9734,6.66,6.69,4.12
0.43,Very Good,H,SI1,61.5,58,716,4.8,4.86,2.97
0.31,Good,H,SI1,63.6,57,573,4.33,4.32,2.75
0.44,Very Good,J,VS1,63.1,57,891,4.87,4.83,3.06
0.41,Ideal,H,IF,62.1,56,1243,4.76,4.74,2.95
0.9,Very Good,F,VS2,61.2,59,4186,6.2,6.26,3.81
0.71,Good,G,SI2,63.6,58,1816,5.6,5.54,3.55
0.74,Premium,I,SI2,59.8,58,2042,5.93,5.88,3.53
2.01,Premium,I,SI2,62,56,12338,8.01,7.87,4.92
2.04,Premium,I,VS2,62.5,58,17028,8.22,8.09,5.1
0.49,Very Good,F,VVS1,62.2,56,1952,5.04,5.08,3.14
0.37,Premium,E,SI1,59.3,58,833,4.75,4.73,2.81
0.5,Very Good,H,SI1,60.9,61,1133,5.06,5.15,3.11
1.2,Good,G,VS2,65.2,56,6793,6.61,6.67,4.33
0.42,Ideal,F,SI1,61.9,54,838,4.87,4.83,3
0.54,Premium,D,SI1,62.1,56,1786,5.25,5.22,3.25
1.01,Ideal,G,VS2,61.9,56,7179,6.4,6.44,3.97
0.59,Ideal,E,SI1,62.9,57,1789,5.36,5.33,3.36
0.25,Good,E,VVS2,64.9,58,476,3.95,3.97,2.57
0.54,Ideal,I,VS2,60.1,58,1266,5.28,5.34,3.19
0.39,Very Good,E,VS2,61.3,61,889,4.66,4.7,2.87
0.32,Ideal,I,VS2,62.3,55,466,4.39,4.41,2.74
0.91,Good,E,SI2,63.9,61,3538,6.03,6.09,3.87
0.34,Ideal,E,SI2,62.4,57,612,4.5,4.47,2.8
0.4,Good,H,VVS2,63.2,55,877,4.7,4.73,2.98
0.82,Good,J,SI1,57.5,62,2140,6.25,6.2,3.58
0.9,Premium,I,VS2,58.4,62,3276,6.35,6.29,3.69
2.22,Ideal,I,VS2,61.3,56,18531,8.45,8.36,5.15
0.37,Premium,F,VS2,59.7,59,746,4.64,4.68,2.78
1.27,Ideal,J,SI2,62.6,57,4779,6.88,6.85,4.3
0.3,Very Good,G,VS1,62.8,58,605,4.26,4.28,2.68
1.02,Very Good,H,SI2,63.4,54,4252,6.37,6.43,4.06
2.02,Ideal,J,SI1,62.4,56,12591,8.03,8.19,5.06
2.01,Premium,G,VS2,61.4,58,17987,8.11,7.99,4.94
0.53,Ideal,H,VVS1,61.3,56,1781,5.21,5.23,3.2
1.61,Good,G,VS2,63.8,58,9467,7.43,7.36,4.72
1.56,Ideal,H,SI2,62.4,55,9081,7.39,7.48,4.64
0.76,Ideal,H,SI1,61.8,56,2587,5.88,5.84,3.62
0.7,Ideal,H,VVS1,62.3,58,2866,5.66,5.7,3.54
0.41,Ideal,E,SI1,62.5,55,755,4.73,4.77,2.97
0.77,Very Good,H,VS1,61.3,60,2765,5.88,5.9,3.61
1,Fair,F,SI1,66.7,57,3669,6.07,5.99,4.02
0.4,Ideal,F,VS2,61,62,867,4.71,4.74,2.88
0.3,Very Good,I,VS1,60.8,59,473,4.3,4.32,2.62
0.42,Ideal,E,VS1,61.7,57,1014,4.78,4.81,2.96
1.42,Very Good,G,VVS2,62.6,60,12891,7.14,7.17,4.48
1.23,Ideal,G,VVS2,62.4,55,9921,6.8,6.88,4.27
1.51,Premium,H,SI1,61.3,60,9833,7.29,7.33,4.48
1.62,Ideal,I,VVS1,61.5,58,12186,7.54,7.56,4.64
1.53,Premium,F,SI2,62.7,60,9424,7.28,7.34,4.58
0.71,Premium,D,SI2,59.7,60,2235,5.84,5.79,3.47
0.91,Very Good,H,VVS2,62.9,58,4665,6.14,6.17,3.87
1.39,Very Good,G,SI2,61.5,62,6628,7.09,7.16,4.38
0.33,Ideal,G,VVS1,61.8,59,802,4.45,4.48,2.76
0.3,Ideal,E,VS1,62.1,58,670,4.27,4.3,2.66
1.71,Premium,G,SI2,62.6,57,11227,7.66,7.6,4.78
0.38,Premium,D,VVS2,60.8,55,1009,4.71,4.67,2.85
1.2,Premium,G,VS1,61.4,60,8596,6.86,6.81,4.2
1.24,Ideal,I,SI2,60.7,57,4812,6.98,6.92,4.22
0.41,Very Good,H,SI1,62.8,56,683,4.72,4.77,2.98
1.16,Ideal,H,SI1,60,60,5852,6.87,6.84,4.11
1.04,Ideal,G,VS2,61.9,57,6290,6.5,6.46,4.01
0.9,Good,E,SI1,60.8,65,3625,6.31,6.18,3.8
0.42,Premium,F,SI1,60.6,61,926,4.87,4.83,2.94
1.09,Ideal,G,SI1,62.2,56,5022,6.6,6.55,4.09
0.61,Premium,I,VS1,60,61,1614,5.53,5.5,3.31
0.51,Ideal,E,VS2,60.7,56,1877,5.17,5.21,3.15
0.31,Good,E,VS2,63.4,55,544,4.32,4.35,2.75
0.51,Ideal,F,VVS1,60.9,57,2208,5.16,5.21,3.16
0.41,Premium,I,SI2,61.6,59,692,4.79,4.76,2.94
0.3,Premium,H,IF,60.4,60,1013,4.34,4.3,2.61
0.42,Very Good,H,SI1,59.5,57,700,4.78,5.11,2.94
0.32,Premium,G,VS1,62.1,55,828,4.44,4.41,2.75
0.7,Very Good,F,VS2,60.5,58,2437,5.78,5.83,3.51
0.7,Good,I,SI2,63.2,60,1556,5.55,5.62,3.53
0.37,Ideal,E,VS2,62.6,56,1041,4.61,4.56,2.87
0.3,Ideal,H,VS1,62.3,55,675,4.34,4.29,2.69
0.7,Ideal,H,VVS1,60.5,58,2947,5.76,5.81,3.5
0.3,Very Good,F,SI2,63.4,56,506,4.29,4.26,2.71
0.45,Fair,G,SI1,68.6,57,756,4.73,4.5,3.19
0.71,Very Good,D,SI2,59.7,60,2123,5.79,5.84,3.47
0.32,Ideal,G,IF,62.4,55,1020,4.42,4.4,2.75
0.34,Very Good,I,SI1,61.3,61,447,4.45,4.49,2.74
0.33,Ideal,G,IF,62.1,56,1052,4.44,4.41,2.75
0.4,Very Good,G,VS1,60,56,853,4.81,4.85,2.9
2.01,Premium,F,SI2,59.5,59,15841,8.24,8.15,4.88
1.53,Ideal,I,SI1,62.4,57,8981,7.33,7.37,4.59
0.3,Premium,I,VVS1,61.1,59,709,4.33,4.31,2.64
0.51,Very Good,H,SI1,62,57,1170,5.11,5.19,3.19
0.53,Ideal,D,VS2,61.4,55,1956,5.25,5.21,3.21
0.31,Ideal,E,VS2,62.3,57,680,4.32,4.35,2.7
1.01,Ideal,E,SI1,62.2,56,5068,6.43,6.4,3.99
0.52,Ideal,H,VS1,62,56,1598,5.14,5.2,3.21
0.9,Very Good,D,SI2,62.5,55,4946,6.16,6.2,3.86
0.41,Ideal,H,SI1,62.4,56,876,4.78,4.74,2.97
0.55,Ideal,G,VVS2,62.3,53,1799,5.27,5.29,3.29
1,Fair,D,SI2,64.5,54,4312,6.34,6.28,4.07
0.4,Good,D,SI2,63.4,56,666,4.67,4.73,2.98
0.31,Ideal,E,VS1,61.2,55,967,4.42,4.4,2.7
0.3,Ideal,E,VS2,62.3,57,844,4.32,4.29,2.68
0.75,Very Good,F,SI1,62.1,57,2500,5.82,5.88,3.63
1,Ideal,D,IF,60.7,57,16469,6.44,6.48,3.92
0.3,Ideal,H,IF,61.2,56,764,4.36,4.37,2.67
2.2,Premium,I,SI2,61.8,54,13719,8.45,8.4,5.2
1.01,Very Good,H,SI1,60.2,60,4617,6.5,6.48,3.91
0.5,Premium,G,VS1,61.1,60,1629,5.1,5.05,3.1
1.07,Premium,G,VS2,61.9,58,6903,6.55,6.54,4.05
0.32,Premium,G,VVS2,62.3,58,730,4.35,4.38,2.72
0.37,Ideal,H,SI1,61.1,55,552,4.64,4.69,2.85
1.03,Ideal,E,SI1,58.9,56,4035,6.61,6.57,3.88
1.63,Very Good,H,SI1,59.8,60,10216,7.64,7.68,4.58
0.5,Very Good,D,VS2,63.4,57,1627,5.05,5.08,3.21
1.06,Ideal,G,VVS1,61.6,57,8488,6.53,6.55,4.03
0.92,Ideal,J,VS2,61.1,57,3215,6.31,6.22,3.83
1.06,Ideal,G,VS2,61.8,57,6240,6.56,6.52,4.04
0.44,Very Good,I,VVS1,60.8,57,926,4.88,4.93,2.98
0.51,Ideal,E,VS2,62,56,1656,5.11,5.15,3.18
0.91,Premium,H,SI1,62.2,56,3180,6.23,6.18,3.86
0.32,Premium,H,VS2,59.5,58,648,4.5,4.47,2.67
0.74,Very Good,H,VS1,61.9,59.1,2709,5.74,5.77,3.56
0.7,Very Good,G,VVS1,63.1,56,3073,5.64,5.67,3.57
1.02,Good,I,VS1,63.7,58,4478,6.33,6.26,4.01
0.7,Very Good,I,VVS1,62.1,58,2565,5.62,5.65,3.5
0.51,Ideal,G,VS2,62.9,54,1546,5.12,5.08,3.21
2.09,Good,F,SI2,63.4,55,18472,8.11,8.18,5.16
0.3,Ideal,F,VS2,60.7,56,776,4.34,4.32,2.63
0.3,Ideal,G,VS2,62.5,53,675,4.3,4.27,2.68
0.4,Ideal,E,VVS2,62.1,55,1238,4.76,4.74,2.95
0.9,Very Good,I,SI2,60.4,58,3099,6.25,6.31,3.79
2.01,Premium,G,SI2,59,60,16733,8.31,8.26,4.89
1.23,Ideal,G,VVS2,62.7,56,10317,6.81,6.84,4.28
0.32,Very Good,G,SI1,62.8,56,477,4.34,4.36,2.73
0.4,Ideal,D,SI1,60.8,57,772,4.77,4.81,2.91
0.54,Good,H,VS1,63.2,58,1361,5.12,5.16,3.25
1.51,Premium,G,VS2,61.2,61,13194,7.44,7.33,4.52
0.34,Very Good,E,SI1,62.9,56,596,4.45,4.48,2.81
0.29,Very Good,E,VS1,62.8,44,474,4.2,4.24,2.65
0.71,Ideal,G,VS1,61.7,56,3431,5.72,5.75,3.53
0.58,Ideal,I,VVS2,62,56,1369,5.34,5.38,3.32
1.67,Premium,H,SI2,61.6,57,9625,7.66,7.61,4.7
0.5,Good,F,SI1,59.6,61,1214,5.12,5.19,3.07
0.74,Very Good,I,SI1,63.8,58,2352,5.72,5.76,3.66
0.6,Very Good,D,SI1,62.2,58,1750,5.4,5.44,3.37
0.33,Ideal,H,VVS1,61.4,53,687,4.5,4.55,2.78
1.01,Ideal,H,SI2,61.6,56,3501,6.48,6.44,3.98
0.71,Very Good,G,SI1,60,59,2711,5.76,5.8,3.47
0.46,Premium,I,IF,59.4,60,1208,5.04,5.02,2.99
1.02,Premium,G,VS2,62.5,58,6301,6.41,6.46,4.02
0.7,Good,H,SI1,63.4,61,2066,5.58,5.62,3.55
0.74,Very Good,G,SI2,62.8,59,2262,5.71,5.76,3.6
1.02,Good,G,VS2,63.7,57,5943,6.24,6.31,4
0.42,Ideal,G,VVS2,62.4,55,1103,4.82,4.79,3
1.01,Premium,H,SI2,59.6,60,3665,6.5,6.55,3.89
0.31,Ideal,D,SI1,61.3,56,565,4.36,4.41,2.69
1.29,Ideal,J,SI1,61.6,57,6327,6.98,7.01,4.32
1.01,Very Good,E,VS2,62.9,58,6221,6.37,6.47,4.04
0.42,Ideal,D,VS2,61.8,56,1031,4.8,4.84,2.98
0.76,Ideal,E,SI1,61.8,57,3170,5.84,5.87,3.62
0.91,Very Good,F,SI1,62.7,56,3963,6.11,6.17,3.85
1,Very Good,G,VS2,59,62,5766,6.49,6.56,3.85
0.71,Ideal,H,VS1,60.9,58,2590,5.74,5.79,3.51
0.5,Ideal,E,VS2,61.6,56,1554,5.1,5.13,3.15
0.4,Ideal,E,VVS2,61.7,55,1238,4.76,4.74,2.93
0.53,Ideal,D,SI2,61.9,55,1412,5.24,5.19,3.23
0.7,Very Good,F,SI1,63.2,56,2100,5.61,5.5,3.51
0.27,Very Good,E,VVS2,61.7,58,620,4.12,4.15,2.55
0.74,Very Good,E,VS1,63.1,58,2849,5.75,5.73,3.62
0.62,Ideal,H,VS1,63,56,1808,5.43,5.36,3.4
0.3,Ideal,E,VVS1,62.6,54,838,4.3,4.33,2.7
1.01,Premium,E,SI2,61.5,58,4666,6.4,6.43,3.95
1,Very Good,F,SI2,63.4,55,4033,6.3,6.38,4.02
1.12,Ideal,E,VVS2,60.6,57,10769,6.77,6.66,4.07
0.3,Very Good,F,VVS1,62.6,56,814,4.27,4.29,2.68
0.7,Good,G,SI2,59.4,61,1948,5.77,5.81,3.44
1.06,Very Good,D,SI1,59.3,60,6062,6.64,6.71,3.96
0.3,Ideal,H,VS1,61.4,57,545,4.31,4.32,2.65
1.87,Premium,E,SI1,61.9,58,16232,7.94,7.88,4.9
0.94,Very Good,D,SI1,60.7,60,4902,6.27,6.32,3.82
1.23,Ideal,H,VS2,62.8,56,7900,6.76,6.84,4.27
0.3,Premium,G,VS1,62.1,60,776,4.3,4.24,2.65
2.32,Fair,H,I1,70.5,55,6860,7.93,7.9,5.58
0.5,Fair,F,SI2,65.8,57,938,4.97,4.83,3.23
0.41,Ideal,F,IF,61.9,56,1439,4.77,4.79,2.96
1,Very Good,G,VVS2,61.6,61,7623,6.35,6.38,3.92
0.3,Premium,F,VS2,62.5,58,776,4.28,4.26,2.67
1.5,Good,H,VS2,63.6,58,10478,7.27,7.22,4.61
0.38,Ideal,I,SI1,61.5,56,668,4.67,4.7,2.88
1.01,Very Good,F,VVS2,62.3,56,8922,6.38,6.42,3.99
0.7,Fair,F,SI2,64.9,58,2035,5.46,5.59,3.59
0.43,Ideal,G,VS1,61.1,56,1008,4.9,4.86,2.98
1,Premium,F,VS2,59.9,59,5864,6.46,6.42,3.86
0.32,Ideal,H,VS2,62,57,505,4.35,4.39,2.71
0.71,Ideal,E,VS1,59.7,57,3272,5.84,5.86,3.49
0.51,Very Good,D,SI1,60.4,61,1425,5.09,5.14,3.09
0.9,Fair,H,VS2,65.6,55,3375,6.01,5.97,3.93
0.38,Premium,J,SI1,61.3,59,513,4.62,4.68,2.85
1.6,Very Good,I,VS1,58.6,58,10824,7.66,7.72,4.51
0.3,Ideal,G,VVS2,61.9,57,650,4.3,4.33,2.66
0.31,Very Good,E,VS2,62.9,56,680,4.29,4.33,2.71
0.41,Ideal,J,VS2,61.8,55,637,4.78,4.81,2.96
0.75,Ideal,D,SI2,60.3,57,2726,5.85,5.89,3.54
2.01,Good,I,SI2,63.8,57,8780,8,7.95,5.1
0.56,Ideal,E,VS1,61.8,55,2010,5.28,5.33,3.28
0.72,Premium,H,VS2,61.1,58,2318,5.78,5.74,3.52
0.41,Ideal,E,VS1,62.7,57,1153,4.76,4.72,2.97
0.32,Ideal,H,VS2,61.3,55,505,4.4,4.44,2.71
1.39,Ideal,E,VS2,60.8,57,11726,7.24,7.21,4.39
0.5,Very Good,F,VS2,60.8,61,1357,5.04,5.09,3.08
0.75,Ideal,E,VS2,60.2,57,3192,5.93,5.9,3.56
0.7,Premium,F,VVS2,62.2,58,2975,5.72,5.66,3.54
1.01,Good,I,VS2,62.8,59,4121,6.34,6.4,4
0.41,Ideal,F,SI1,62.7,57,969,4.74,4.7,2.96
0.33,Ideal,E,SI1,62,54,743,4.43,4.41,2.74
1.12,Ideal,G,SI2,62.4,56,4712,6.63,6.67,4.15
2.05,Premium,E,SI2,62.5,56,17294,8.17,8.08,5.08
2.01,Good,G,SI1,63.1,59,18572,7.98,8.03,5.05
0.56,Fair,F,VS2,57,67,1814,5.49,5.36,3.09
